,GAME,IMAGES,STEAM ID
0,PLAYERUNKNOWN'S BATTLEGROUNDS,0,578080
1,Counter-Strike: Global Offensive,0,730
2,Dota 2,0,570
3,Tom Clancy's Rainbow Six Siege,0,359550
4,Kingdom Come: Deliverance,0,379430
5,Football Manager 2018,0,624090
6,ARK: Survival Evolved,0,346110
7,Rocket League,0,252950
8,Warframe,0,230410
9,Grand Theft Auto V,0,271590
10,Sid Meier's Civilization VI,0,289070
11,Team Fortress 2,0,440
12,Rust,0,252490
13,Sid Meier's Civilization V,0,8930
14,Garry's Mod,0,4000
15,Arma 3,0,107410
16,Fallout 4,0,377160
17,Paladins,0,444090
18,PAYDAY 2,0,218620
19,Slay the Spire,0,646570
20,Dead by Daylight,0,381210
21,Euro Truck Simulator 2,0,227300
22,Terraria,0,105600
23,The Witcher 3: Wild Hunt,0,292030
24,Counter-Strike,0,10
25,Black Desert Online,0,582660
26,Football Manager 2017,0,482730
27,The Elder Scrolls V: Skyrim,0,72850
28,Europa Universalis IV,0,236850
29,Hearts of Iron IV,0,394360
30,Subnautica,0,264710
31,DARK SOULS™ III,0,374320
32,Total War: WARHAMMER II,0,594570
33,Age of Empires II: HD Edition,0,221380
34,Path of Exile,0,238960
35,SMITE,0,386360
36,War Thunder,0,236390
37,Left 4 Dead 2,0,550
38,The Elder Scrolls V: Skyrim Special Edition,0,489830
39,Yu-Gi-Oh! Duel Links,0,601510
40,The Elder Scrolls Online: Tamriel Unlimited,0,306130
41,7 Days to Die,0,251570
42,Stellaris,0,281990
43,Unturned,0,304930
44,Divinity: Original Sin 2,0,435150
46,Cities: Skylines,0,255710
47,FINAL FANTASY XIV Online,0,39210
48,Stardew Valley,0,413150
49,Tom Clancy's Rainbow Six Siege - Technical Test Server,0,623990
50,Borderlands 2,0,49520
51,Factorio,0,427520
52,Black Squad,0,550650
53,Brawlhalla,0,291550
54,Farming Simulator 17,0,447020
55,Dying Light,0,239140
56,Mount & Blade: Warband,0,48700
57,Call of Duty: WWII - Multiplayer,0,476600
58,Elite Dangerous,0,359320
59,Clicker Heroes,0,363970
60,H1Z1,0,433850
61,Total War: ROME II - Emperor Edition,0,214950
62,World of Tanks Blitz,0,444200
63,Don't Starve Together,0,322330
64,RimWorld,0,294100
65,VRChat,0,438100
66,Battlerite,0,504370
67,Counter-Strike: Source,0,240
68,The Binding of Isaac: Rebirth,0,250900
69,Crusader Kings II,0,203770
70,XCOM 2,0,268500
71,The Forest,0,242760
72,Football Manager 2016,0,378120
73,Kerbal Space Program,0,220200
74,Company of Heroes 2,0,231430
75,Tom Clancy's The Division,0,365590
77,For Honor,0,304390
78,NBA 2K18,0,577800
79,DRAGON BALL FighterZ,0,678950
80,Space Engineers,0,244850
81,Total War: WARHAMMER,0,364360
82,Warface,0,291480
83,Trove,0,304050
84,Heroes & Generals,0,227940
85,The Sims(TM) 3,0,47890
86,Assassin's Creed Origins,0,582160
87,They Are Billions,0,644930
88,Idle Champions of the Forgotten Realms,0,627690
89,Geometry Dash,0,322170
90,Fallout: New Vegas,0,22380
91,Eco,0,382310
92,Medieval II: Total War,0,4700
93,Tom Clancy's Ghost Recon® Wildlands,0,460930
94,Crossout,0,386180
95,Life is Feudal: MMO,0,700030
96,Portal 2,0,620
97,Squad,0,393380
98,Empire: Total War,0,10500
99,Starbound,0,211820
